ID,Abbr,Full,Source
1,AA,Archäologischer Anzeiger,L’Erma
2,AAAd,Antichità altoadriatiche,L’Erma
3,ABSA,The annual of the British school at Athens,L’Erma
4,ACME,Acme. Annali della facoltà di lettere e filosofia dell'università degli studi di Milano,L’Erma
5,ACS,"Archivio centrale dello stato (salvo diversa indicazione si fa riferimento ai fondi del Ministero della Pubblica Istruzione, Direzione Generale Antichità e Belle Arti)",L’Erma
6,AE,L'Année épigraphique,L’Erma
7,AIONArchStAnt,Annali dell'istituto universitario orientale di Napoli. Dipartimento di studi del mondo classico e del Mediterraneo antico. Sezione di archeologia e storia antica,L’Erma
8,AJA,American Journal of Archaeology,L’Erma
9,AM,Mitteilungen des Deutschen Archäologischen Instituts. Athenische Abteilung,L’Erma
10,AMDSPMarche,Atti e memorie della deputazione di storia patria per le Marche,L’Erma
11,AMST,Atti e memorie della societd tiburtina di storia e d'arte,L’Erma
12,AnnalesESC,"Annales. economies, sociétés, civilisations",L’Erma
13,Annlnst,Annali pubblicati dall'instituto di corrispondenza archeologica,L’Erma
14,AnninstltNum,Annali. Istituto italiano di numismatica,L’Erma
15,ANRW,Aufstieg und Niedergang der romischen Welt,L’Erma
16,AnScAt,Annuario della scuola archeologica di Atene e delle missioni italiane in Oriente,L’Erma
17,AntCl,L'Antiquité classique,L’Erma
18,AntK,Antike Kunst,L’Erma
19,AqN,Aquileia nostra,L’Erma
20,Arch Cl,Archeologia classica,L’Erma
21,ASNP,Annali della scuola normale superiore di Pisa. Classe di lettere e filosofia,L’Erma
22,ASR,Archivio di stato di Roma,L’Erma
23,ASRP,Archivio della società romana di storia patria,L’Erma
24,ATTA,Atlante tematico di topografia antica,L’Erma
25,Atti Taranto,Atti del convegno di studi sulla Magna Grecia,L’Erma
26,AttiMemProvM,Atti e memorie della deputazione di storia patria per le antiche province modenesi,L’Erma
27,AttiMemProvR,Atti e memorie. Deputazione di storia patria per le province di Romagna,L’Erma
28,AttiMGrecia,Atti e memorie della società Magna Grecia,L’Erma
29,BA,Bollettino d'arte,L’Erma
30,BaBesch,Bulletin antieke beschaving. Annual papers on classical archaeology,L’Erma
31,BAR,British archaeological reports,L’Erma
32,BC,Bullettino della commissione archeologica comunale di Roma,L’Erma
33,BCH,Bulletin de correspondance hellénique,L’Erma
34,BdA,Bollettino di archeologia,L’Erma
35,BDSPUmbria,Bollettino della regia deputazione di storia patria per l'Umbria,L’Erma
36,BEFAR,Bibliotheque des écoles francaises d'Athènes et de Rome,L’Erma
37,BIASA,Biblioteca dell'istituto nazionale di archeologia e storia dell'arte (Roma),L’Erma
38,BollSocGeogr,Bollettino della società geografica italiana,L’Erma
39,BonnJ,Bonner Jahrbücher,L’Erma
40,BPI,Bullettino di paletnologia italiana,L’Erma
41,BSBS,Bollettino storico-bibliografico subalpino,L’Erma
42,BSC,Bollettino storico cremonese,L’Erma
43,BSM,Bollettino dell'associazione internazionale degli studi mediterranei,L’Erma
44,BTCGI,Bibliografia topografica della colonizzazione greca in Italia e nelle isole tirreniche,L’Erma
45,BullInst,Bullettino dell'instituto di corrispondenza archeologica,L’Erma
46,BV,Biblioteca apostolica vaticana (Roma),L’Erma
47,CARB,Corsi di cultura sull'arte ravennate e bizantina,L’Erma
48,CIE,Corpus inscriptionum etruscarum,L’Erma
49,CIL,Corpus inscriptionum latinarum,L’Erma
50,CivP,Civiltà padana. Archeologia e storia del territorio,L’Erma
51,Cod.Vat.Lat.,Codice vaticano latino (biblioteca apostolica vaticana),L’Erma
52,CollEFR,Collection de l'ecole francaise de Rome,L’Erma
53,CRAI,Comptes rendus des seances de l'académie des inscriptions et belles-lettres,L’Erma
54,CVA,Corpus vasorum antiquorum,L’Erma
55,DdA,Dialoghi di archeologia,L’Erma
56,DE,"E. De Ruggiero, Dizionario epigrafico di antichità romane, i-, Roma 1895-",L’Erma
57,DissPontAcc,Dissertazioni della pontificia accademia romana di archeologia,L’Erma
58,EAA,"Enciclopedia dell'arte antica, classica e orientale",L’Erma
59,EAM,Enciclopedia dell'arte medioevale,L’Erma
60,EE,Ephemeris epigraphica,L’Erma
61,EL,Enciclopedia italiana,L’Erma
62,EOr,Enciclopedia oraziana,L’Erma
63,EVir,Enciclopedia virgiliana,L’Erma
64,FA,Fasti archaeologici,L’Erma
65,FelRav,Felix Ravenna,L’Erma
66,IG,Inscriptiones grecae,L’Erma
67,IGM,Istituto geografico militare (Firenze),L’Erma
68,ILLRP,"A. Degrassi, Inscriptiones latinae liberae rei publicae, Firenze 1957-1963",L’Erma
69,ILS,"H. Dessau, Inscriptiones latinae selectae, Berolini 1892-1916",L’Erma
70,JAT,Journal of ancient topography,L’Erma
71,JdI,Jarhbuch des Deutschen Archäologischen Instituts,L’Erma
72,JFA,Journal of field archaeology,L’Erma
73,JRA,Journal of Roman archaeology,L’Erma
74,JRS,Journal of Roman studies,L’Erma
75,LIMC,Lexicon iconographicum mythologiae classicae,L’Erma
76,MAAR,Memoirs of the American academy in Rome,L’Erma
77,MededRom,Mededelingen van het Nederlands Historisch Instituut te Rome,L’Erma
78,MEFR,"Mélanges d'archéologie et d'histoire (ecole francaise de Rome) (fino al volume 82, 1970)",L’Erma
79,MEFRA,Mélanges de l'ecole francaise de Rome. Antiquité (dal 1971),L’Erma
80,MEFRM,"Mélanges de l'ecole francaise de Rome. Moyen-âge, temps modernes",L’Erma
81,MemAL,"Memorie. Atti dell'accademia nazionale dei lincei. Classe di scienze morali, storiche e filologiche",L’Erma
82,MemPontAcc,Memorie della pontificia accademia romana di archeologia,L’Erma
83,MonAL,Monumenti antichi pubblicati per cura dell'accademia nazionale dei lincei,L’Erma
84,Monlnst,Monumenti dell'istituto di corrispondenza archeologica,L’Erma
85,NotALomb,Notiziario. Soprintendenza archeologica della Lombardia,L’Erma
86,NS,Notizie degli scavi di antichità,L’Erma
87,Ojh,Jahreshefte des Österreischen Archäologischen Institutes in Wien,L’Erma
88,OpRom,Opuscula romana (Acta inst. rom. regni sueciae),L’Erma
89,ParPass,La parola del passato,L’Erma
90,PBSR,Papers of the British School at Rome,L’Erma
91,QdAV,Quaderni di archeologia del Veneto,L’Erma
92,QS,Quaderni di storia,L’Erma
93,QuadAEI,"Quaderni del centro di studio per l'archeologia etrusco-italica (fino al volume 18, 1990); Quaderni di archeologia etrusco-italica (dal volume 19, 1990)",L’Erma
94,QuadAPiem,Quaderni della soprintendenza archeologica del Piemonte,L’Erma
95,QuadlstTopA,Quaderni dell'istituto di topografia antica dell'università di Roma,L’Erma
96,QuadStLun,Quaderni di studi lunensi,L’Erma
97,PA,Revue archéologique,L’Erma
98,RAC,Rivista di archeologia cristiana,L’Erma
99,RaComo,Rivista archeologica dell'antica provincia e diocesi di Como,L’Erma
100,RAF,The Royal Air Force,L’Erma
101,RAL,"Rendiconti della Classe di scienze morali, storiche e filologiche dell'Accademia Nazionale dei Lincei",L’Erma
102,RANap,"Rendiconti dell'Accademia di archeologia, lettere e belle arti, Napoli",L’Erma
103,RANarb,Revue archéologique de Narbonnaise,L’Erma
104,RdA,Rivista di archeologia,L’Erma
105,RE,"Pauly-Wissowa, Paulys Realencyclopädie der classischen Altertumswissenschaft",L’Erma
106,REA,Revue des études anciennes,L’Erma
107,REE,Rivista di epigrafia etrusca (in Studi Etruschi),L’Erma
108,RendPontAcc,Rendiconti della Pontificia Accadernia romana di archeologia,L’Erma
109,RFIC,Rivista di filologia e di istruzione classica,L’Erma
110,RIASA,Rivista dell'Istituto nazionale d'archeologia e storia dell'arte,L’Erma
111,RIL,"Rendiconti dell'Istituto lombardo. Classe di Lettere, Scienze morali e storiche",L’Erma
112,RM,Mitteilungen des Deutschen Archäologischen Instituts. Römische Abteilung,L’Erma
113,RSL,Rivista di studi liguri,L’Erma
114,RSP,Rivista di studi pompeiani,L’Erma
115,ScAnt,"Scienze dell'Antichità. Storia, archeologia, antropologia",L’Erma
116,SCO,Studi classici e orientali,L’Erma
117,SR,Studi romagnoli,L’Erma
118,StAnt,Studi di antichità. Università di Lecce,L’Erma
119,StEtr,Studi etruschi,L’Erma
120,StMac,Studi maceratesi,L’Erma
121,StMisc,Studi miscellanei. Seminario di archeologia e storia dell'arte greca e romana dell'Università di Roma,L’Erma
122,StPic,Studia picena,L’Erma
123,StRom,Studi romani,L’Erma
124,ThLL,Thesaurus Linguae Latinae,L’Erma
125,ZPE,Zeitschrift für Papyrologie und Epigraphik,L’Erma
126,ABL,"C.H.E. Haspels, Attic Black-Figured Lekythoi (Paris 1936)",AJA
127,ABV,"J.D. Beazley, Attic Black-Figure Vase-Painters (Oxford 1956)",AJA
128,AÉpigr,L’Année épigraphique: Revue des publications épigraphiques relatives a l’antiquité romaine (Paris 1888– ),AJA
129,AntCr,"D. Levi and G. Rizza, Antichità cretesi: Studi in onore di Doro Levi. 2 vols. (Catania 1973–1974)",AJA
130,ANRW,"H. Temporini, ed., Aufstieg und Niedergang der römischen Welt (Berlin 1972– )",AJA
131,ArchHom,"F. Matz and H.G. Buchholz, eds., Archaeologia Homerica (Göttingen 1967– )",AJA
132,ARV²,"J.D. Beazley, Attic Red-Figure Vase-Painters. 2nd ed. (Oxford 1963)",AJA
133,ASR,"C. Robert et al., Die antiken Sarkophagreliefs (Berlin 1890– )",AJA
134,BAPD,Beazley Archive Pottery Database (www.beazley.ox.ac.uk),AJA
135,Beazley Addenda²,"T.H. Carpenter et al., Beazley Addenda: Additional References to ABV, ARV² and Paralipomena. 2nd ed. (Oxford 1989)",AJA
136,Benndorf-Schöne,"O. Benndorf and O. Schöne, Die antiken Bildwerke des Lateranensischen Museums (Leipzig 1867)",AJA
137,BMC,"R.S. Poole, Catalogue of the Greek Coins in the British Museum (London 1873– )",AJA
138,BMCRE,"H. Mattingly, Coins of the Roman Empire in the British Museum (London 1923– )",AJA
139,BMCRR,"H.A. Grueber, Coins of the Roman Republic in the British Museum (London 1910)",AJA
140,BrBr,"H. Brunn, Denkmäler griechischer und römischer Sculptur in historischer Anordnung (Munich 1888–1911)",AJA
141,CAD,The Assyrian Dictionary of the Oriental Institute of the University of Chicago (Chicago 1956–2010),AJA
142,CAT,"C.W. Clairmont, Classical Attic Tombstones (Kilchberg 1993)",AJA
143,CB,"L.D. Caskey and J.D. Beazley, Attic Vase Paintings in the Museum of Fine Arts, Boston (Oxford 1931–1963)",AJA
144,CoMIK,"J. Chadwick et al., Corpus of Mycenaean Inscriptions from Knossos (Cambridge 1986–1998)",AJA
145,CIA,"Königlich Preussische Akademie der Wissenschaften zu Berlin, Corpus inscriptionum atticarum (Berlin 1873–1897)",AJA
146,CIE,"C. Pauli et al., Corpus inscriptionum etruscarum (Rome 1964– [repr. of Leipzig 1893–1936])",AJA
147,CIG,"A. Boeckh et al., Corpus inscriptionum graecarum (Berlin 1828–1877)",AJA
148,CII,"J.B. Frey, Corpus inscriptionum iudicarum (New York 1975)",AJA
149,CIL,"Königlich Preussische Akademie der Wissenschaften zu Berlin, Corpus inscriptionum latinarum (Berlin 1893–)",AJA
150,CIS,"Académie des inscriptions et belles-lettres, Corpus inscriptionum semiticarum (Paris 181–1962)",AJA
151,CMS,"F. Matz, Corpus der minoischen und mykenischen Siegel (Berlin 1964– )",AJA
152,CVA,Corpus vasorum antiquorum (Paris 1923– ),AJA
153,DACL,"F. Cabrol and E. Leclercq, Dictionnaire d’archéologie chrétienne et de liturgie (Paris 1907–1953)",AJA
154,DarSag,"C. Daremberg and E. Saglio, Dictionnaire des antiquités grecques et romaines (Paris 1875)",AJA
155,Docs¹,"M. Ventris and J. Chadwick, Documents in Mycenaean Greek (Cambridge 1956)",AJA
156,Docs²,"M. Ventris and J. Chadwick, Documents in Mycenaean Greek. 2nd ed. (Cambridge 1973)",AJA
157,EA,"P. Arndt and W. Amelung, Photographische Einzelaufnahmen antiker Skulpturen (Munich 1893–1940)",AJA
158,EAA,"Enciclopedia dell’arte antica, classica e orientale (Rome 1958–1984)",AJA
159,ES,"E. Gerhard et al., Etruskische Spiegel (Berlin 1843–1897)",AJA
160,Espérandieu,"E. Espérandieu, Recueil général des bas-reliefs, statues, et bustes de la Gaule romaine (Paris 1907– )",AJA
161,ET,"H. Rix, Etruskische Texte: Editio minor (Tübingen 1991)",AJA
162,EVP,"J.D. Beazley, Etruscan Vase Painting (Oxford 1947)",AJA
163,FGrHist,"F. Jacoby, Fragmente der griechischen Historiker (Berlin 1923– )",AJA
164,FHG,"K. Müller, Fragmenta historicorum graecorum (Frankfurt 1975 [repr. of 1841–1938 ed.])",AJA
165,FR,"A. Furtwängler and K. Reichhold, Griechische Vasenmalerei (Munich 1900–1925)",AJA
166,FRHist,"T.J. Cornell, ed., The Fragments of the Roman Historians. 3 vols. (Oxford 2013)",AJA
167,GCH,"C. Kraay et al., An Inventory of Greek Coin Hoards (New York 1973)",AJA
168,Gercke-Norden,"A. Gercke and E. Norden, Einleitung in die Altertumswissenschaft (Leipzig 1910–1912)",AJA
169,GGR³,"M.P. Nilsson, Geschichte der griechischen Religion. 3rd ed. (Munich 1967)",AJA
170,GORILA,"L. Godart and J.-P. Olivier, Recueil des inscriptions en Linéaire A (Paris 1976– )",AJA
171,GrCirclB,"G.E. Mylonas, Grave Circle B of Mycenae (Lund 1964)",AJA
172,HdA,Handbuch der Archäologie (Berlin 1931– ),AJA
173,Helbig⁴,"W. Helbig, Führer durch die öffentlichen Sammlungen klassischer Altertümer in Rom. 4th ed. (Tübingen 1963–1972)",AJA
174,Heldensage³,"F. Brommer, Vasenlisten zur griechischen Heldensage. 3rd ed. (Marburg 1973)",AJA
175,ICr,"M. Guarducci and F. Halbherr, Inscriptiones creticae (Rome 1935–1950)",AJA
176,ID,"F. Dürrbach et al., Inscriptions de Délos (Paris 1926– )",AJA
177,IG,"M. Fraenkel, Inscriptiones graecae (Berlin 1895– )",AJA
178,IGLSyr,"L. Jalabert and R. Mouterde, Inscriptions grecques et latines de la Syrie (Paris 1929–[1986])",AJA
179,IGRR,"R. Cagnat, Inscriptiones graecae ad res romanas pertinentes (Chicago 1975)",AJA
180,II,"A. Ferrua and A. Garzetti, Inscriptiones Italiae (Rome 1948–1986)",AJA
181,ILLRP,"H. Degrassi, Inscriptiones latinae liberae rei publicae (Rome 1957– )",AJA
182,ILS,"H. Dessau, ed., Inscriptiones latinae selectae (Berlin 1892–1916)",AJA
183,IsMEO,Istituto italiano per il Medio ed Estremo Oriente,AJA
184,IvE,"H. Wankel et al., Die Inschriften von Ephesos (Bonn 1979–1984)",AJA
185,Karo,"G. Karo, Die Schachtgräber von Mykenai (Munich 1930–1933)",AJA
186,KBo,Keilschrifttexte aus Boghazköi (Leipzig and Berlin 1916– ),AJA
187,KUB,Keilschrifturkunden aus Boghazköi (Berlin 1922– ),AJA
188,KirchPA,"J.E. Kirchner, Prosopographia attica (Chicago 1981 [repr. of 1901–1903 ed.])",AJA
189,KlPauly,"K. Ziegler et al., eds., Der kleine Pauly: Lexicon der Antike (Munich 1964–1975)",AJA
190,LGPN,Lexicon of Greek Personal Names (Oxford 1987– ),AJA
191,LIMC,"J. Boardman, Lexicon iconographicum mythologiae classicae (Zurich 1981–2009)",AJA
192,LIMC Online,LIMCicon Database (www.limc-france.fr),AJA
193,LSJ⁹,"H.G. Liddell et al., Greek-English Lexicon. 9th ed. (Oxford 1940)",AJA
194,LSJ Online,The Online Liddell-Scott-Jones Greek-English Lexicon (www.tlg.uci.edu/lsj),AJA
195,LTUR,"E.M. Steinby, ed., Lexicon topographicum urbis romae (Rome 1993)",AJA
196,LTURS,"A. La Regina, ed., Lexicon topographicum urbis Romae: Suburbium (Rome 2001–2008)",AJA
197,Matz-Duhn,"F. Matz and F. von Duhn, Antike Bildwerke in Rom (Leipzig 1881–1882)",AJA
198,"Migne, PG","J.P. Migne, Patrologia graeca (Paris 1928–1936)",AJA
199,"Migne, PL","J.P. Migne, Patrologia latina (Paris 1879)",AJA
200,MMR²,"M.P. Nilsson, The Minoan-Mycenaean Religion. 2nd ed. (Lund 1950)",AJA
201,Nash²,"E. Nash, Pictorial Dictionary of Ancient Rome. 2nd ed. (New York 1968)",AJA
202,NTDAR,"L. Richardson, A New Topographical Dictionary of Ancient Rome (Baltimore 1992)",AJA
203,Neue Pauly,"H. Cancik and H. Schneider, eds., Der neue Pauly: Enzyklopädie der Antike (Stuttgart 1996–2003)",AJA
204,"New Pauly, Antiquity","H. Cancik and H. Schneider, eds., Brill’s New Pauly: Encyclopaedia of the Ancient World. Antiquity (Boston 2002–2010)",AJA
205,"New Pauly, Classical","M. Landfester et al., eds., Brill’s New Pauly: Encyclopaedia of the Ancient World. Classical Tradition (Boston 2006–2011)",AJA
206,New Pauly Online,Brill Online Reference Works (http://referenceworks.brillonline.com/browse/brill-s-new-pauly),AJA
207,OCD,The Oxford Classical Dictionary,AJA
208,OLD,Oxford Latin Dictionary,AJA
209,Paralipomena,"J.D. Beazley, Paralipomena (Oxford 1971)",AJA
210,PECS,"R. Stillwell et al., eds., Princeton Encyclopedia of Classical Sites (Princeton 1976)",AJA
211,PGC,"H.G. Buchholz and V. Karageorghis, Prehistoric Greece and Cyprus (London 1973)",AJA
212,PIR²,Prosopographia Imperii Romani. 2nd ed. (Berlin and Leipzig 1933–2015),AJA
213,Platner-Ashby,"S.B. Platner and T. Ashby, A Topographical Dictionary of Ancient Rome (London 1929)",AJA
214,RE,"A. Pauly and G. Wissowa, Real-Encyclopädie der Classischen Altertumswissenschaft (1893–1978)",AJA
215,RIC,"H. Mattingly et al., The Roman Imperial Coinage (London 1923– )",AJA
216,RIC²,"H. Mattingly et al., The Roman Imperial Coinage. 2nd rev. ed. (London 2007– )",AJA
217,Roscher,"W.H. Roscher, Ausführliches Lexikon der griechischen und römischen Mythologie (Leipzig 1884–1937)",AJA
218,RSGR,"S. Reinach, Répertoire de la statuaire grecque et romaine (Paris 1897–1924)",AJA
219,RVAp,"A.D. Trendall and A. Cambitoglou, The Red-Figured Vases of Apulia (Oxford 1978– )",AJA
220,SEG,Supplementum epigraphicum graecum (Leiden 1923–),AJA
221,SIG,"W. Dittenberger, Sylloge inscriptionum graecarum (Leipzig 1883– )",AJA
222,SNG,"British Academy, Sylloge nummorum graecorum (London 1931– )",AJA
223,"Stuart Jones, Cap.","H. Stuart Jones, A Catalogue of the Ancient Sculptures Preserved in the Municipal Collections of Rome: The Sculptures of the Museo Capitolino (Oxford 1926)",AJA
224,"Stuart Jones, Cons.","H. Stuart Jones, A Catalogue of the Ancient Sculptures Preserved in the Municipal Collections of Rome: The Sculptures of the Palazzo dei Conservatori (Oxford 1912)",AJA
225,ThLE,"M. Pallottino and M.P. Angeletti, Thesaurus linguae etruscae (Rome 1978– )",AJA
226,TKB,"G. Mylonas, O taphikos kyklos B ton Mykenon (Athens 1972–1973)",AJA
227,TLE²,"M. Pallottino, Testimonia linguae etruscae. 2nd ed. (Florence 1968)",AJA
228,TLG³,"L. Berkowitz et al., Thesaurus Linguae Graecae Canon of Greek Authors and Works. 3rd ed. (Oxford 1990)",AJA
229,TLG,Online Thesaurus Linguae Graecae: A Digital Library of Greek Literature (www.tlg.uci.edu),AJA
230,TLL,"R. Estienne and J. Hollins, Thesaurus linguae latinae (London 1734–1735)",AJA
231,"Travlos, Athens","I. Travlos, Pictorial Dictionary of Ancient Athens (London 1971)",AJA
232,"Travlos, Attika","I. Travlos, Bildlexikon zur Topographie des antiken Attika (Tübingen 1988)",AJA
233,A&A,Antike und Abendland,AJA
234,AA,Archäologischer Anzeiger,AJA
235,AAA,Athens Annals of Archaeology,AJA
236,AAES,Publications of an American Archaeological Expedition to Syria,AJA
237,AAS,Annales archéologiques arabes syriennes,AJA
238,AAs,Arts asiatiques (formerly RAA),AJA
239,AASOR,Annual of the American Schools of Oriental Research,AJA
240,AbhBerl,Abhandlungen der Deutschen Akademie der Wissenschaften zu Berlin,AJA
241,AbhGött,Abhandlungen der Akademie der Wissenschaften zu Göttingen,AJA
242,AbhHeid,Abhandlungen der Heidelberger Akademie der Wissenschaften,AJA
243,AbhKM,Abhandlungen für die Kunde des Morgenlandes,AJA
244,AbhLeip,"Abhandlungen der Sächsischen Akademie der Wissenschaften zu Leipzig, Philologisch-historische Klasse",AJA
245,AbhMainz,"Abhandlungen der Geistes- und Sozialwissenschaftlichen Klasse, Akademieder Wissenschaften und der Literatur in Mainz",AJA
246,AbhMünch,"Bayerische Akademie der Wissenschaften, München, Philosophisch-historische Klasse: Abhandlungen",AJA
247,Acme,Acme: Annali della Facoltà di Filosofia e Lettere dell’Università statale di Milano,AJA
248,ACNAC,Ancient Coins in North American Collections,AJA
249,ActaAArtHist,Acta ad archaeologiam et artium historiam pertinentia,AJA
250,ActaArch,Acta archaeologica (Copenhagen),AJA
251,ActaArchHung,Acta archaeologica Academiae scientiarum Hungaricae,AJA
252,ActaArchLov,Acta archaeologica Lovanensia,AJA
253,ActaAth,Skrifter utgivna av Svenska Institutet i Athen (Acta Instituti Atheniensis Regni Sueciae) (formerly SkrAth),AJA
254,ActaInstRomFin,Acta Instituti romani Finlandiae,AJA
255,ActaLund,Acta Universitatis Lundensis,AJA
256,ActaNum,Acta numismatica,AJA
257,ActaOrHung,Acta orientalia Academiae scientiarum Hungaricae,AJA
258,ActaRom,Skrifter utgivna av Svenska Institutet i Rom (Acta Instituti Romani Regni Sueciae) (formerly SkrRom),AJA
259,ADAJ,Annual of the Department of Antiquities of Jordan,AJA
260,AdI,Annali dell’Istituto di corrispondenza archeologica,AJA
261,Aegaeum,Aegaeum: Annales d’archéologie égéenne de l’Université de Liège,AJA
262,ÄgForsch,Ägyptologische Forschungen,AJA
263,AEM,Archäologisch epigraphische Mitteilungen aus Österreich-Ungarn,AJA
264,AeR,Atene e Roma,AJA
265,Aevum,"Aevum: Rassegna di scienze storiche, linguistiche e filologiche",AJA
266,AF,Archäologische Forschungen,AJA
267,AfO,Archiv für Orientforschung,AJA
268,Africa,Africa: Institut national d’Archéologie et d’Art (Tunis),AJA
269,AfrIt,Africa italiana,AJA
270,AfrRom,L’Africa romana,AJA
271,Agora,Athenian Agora (Princeton 1953– ),AJA
272,AgoraPicBk,Excavations of the Athenian Agora: Picture Book (Princeton 1958– ),AJA
273,AHR,American Historical Review,AJA
274,AIABull,Bulletin of the Archaeological Institute of America,AJA
275,AIANews,Newsletter of the Archaeological Institute of America,AJA
276,AIIN,Annali dell’Istituto Italiano di Numismatica,AJA
277,AION,Annali dell’Istituto universitario orientali di Napoli,AJA
278,AJA,American Journal of Archaeology,AJA
279,AJAH,American Journal of Ancient History,AJA
280,AJN,American Journal of Numismatics,AJA
281,AJP,American Journal of Philology,AJA
282,AJSL,American Journal of Semitic Languages and Literatures,AJA
283,Akkadica,Akkadica: Périodique bimestriel de la Fondation assyriologique Georges Dossin,AJA
284,Altertum,Das Altertum,AJA
285,AltO,Der alte Orient,AJA
286,AM,"Mitteilungen des Deutschen Archäologischen Instituts, Athenische Abteilung",AJA
287,AM-BH,"Mitteilungen des Deutschen Archäologischen Instituts, Athenische Abteilung: Beiheft",AJA
288,AmerAnt,American Antiquity,AJA
289,AMIran,Archäologische Mitteilungen aus Iran,AJA
290,Ampurias,"Ampurias: Revista de prehistoria, arqueología y etnología",AJA
291,AmtlBer,Amtliche Berichte aus den königlichen Kunstsammlungen,AJA
292,AMUGS,Antike Münzen und geschnittene Steine,AJA
293,Anadolu,Anadolu: Revue annuelle des études d’archéologie et d’histoire en Turquie,AJA
294,AnalBoll,Analecta Bollandiana,AJA
295,AnalFran,Analecta Franciscana,AJA
296,AnalOr,Analecta Orientalia,AJA
297,AnalRom,Analecta Romana Instituti Danici,AJA
298,Anatolia,Anatolia: Revue annuelle de l’Institut d’archéologie de l’Université d’Ankara,AJA
299,Anatolica,Anatolica: Annuaire international pour les civilisations de l’Asie antérieure,AJA
300,AnatSt,Anatolian Studies,AJA
301,AncEg,Ancient Egypt,AJA
302,AncW,The Ancient World,AJA
303,AnnAcFenn,Annales Academiae scientiarum Fennicae,AJA
304,AnnArch,Annales archéologiques,AJA
305,AnnArchBrux,Annales de la Société royale d’archéologie de Bruxelles,AJA
306,AnnArchStorAnt,Annali del Seminario di studi del mondo classico: Sezione di archeologia e storia antica,AJA
307,AnnBari,"Annali della Facoltà di Lettere e Filosofia, Università di Bari",AJA
308,AnnÉconSocCiv,"Annales: Économie, sociétés, civilisations",AJA
309,AnnFaina,Annali della Fondazione per il Museo “Claudio Faina”,AJA
310,AnnInst,Annales Institutorum,AJA
311,AnnLiv,Annals of Archaeology and Anthropology (Liverpool),AJA
312,AnnLux,Annales de l’Institut archéologique du Luxembourg (Arlon),AJA
313,AnnNap,"Annali della Facoltà di Lettere e Filosofia, Università di Napoli",AJA
314,AnnParis,Annales de l’Université de Paris,AJA
315,AnnPerugia,"Annali della Facoltà di Lettere e Filosofia, Università degli studi di Perugia",AJA
316,AnnPhilHist,"Annuaire, Institut de philologie et d’histoire, Université libre, Bruxelles",AJA
317,AnnPisa,Annali della Scuola normale superiore di Pisa,AJA
318,AnnRepCypr,"Annual Report of the Director of the Department of Antiquities, Republic of Cyprus",AJA
319,AnnTor,Annuario della Accademia delle scienze di Torino,AJA
320,ANSMN,American Numismatic Society Museum Notes,AJA
321,Antaeus,Antaeus: Mitteilungen des Archäologischen Instituts der Ungarischen Akademie der Wissenschaften,AJA
322,AntAfr,Antiquités africaines,AJA
323,AntCl,L’Antiquité classique,AJA
324,AntDenk,Antike Denkmäler,AJA
325,AntHung,Antiquitas Hungarica,AJA
326,Antiquity,Antiquity: A Quarterly Review of Archaeology,AJA
327,AntJ,The Antiquaries Journal,AJA
328,AntK,Antike Kunst,AJA
329,AntK-BH,Antike Kunst: Beiheft,AJA
330,AntP,Antike Plastik,AJA
331,AntW,Antike Welt: Zeitschrift für Archäologie und Kulturgeschichte,AJA
332,AnzAW,Anzeiger für die Altertumswissenschaft,AJA
333,AnzSchweiz,Anzeiger für schweizerische Altertumskunde,AJA
334,AnzWien,"Anzeiger: Österreichische Akademie der Wissenschaften, Wien, Philologisch-historische Klasse",AJA
335,AOAT,Alter Orient und Altes Testament,AJA
336,Apulum,Apulum: Acta Musei Apulensis,AJA
337,AquilNost,Aquileia nostra,AJA
338,AR,Archaeological Reports (supplement to JHS),AJA
339,Archaeology,Archaeology Magazine,AJA
340,Archaeometry,"Archaeometry: Bulletin of the Research Laboratory for Archaeology and the History of Art, Oxford University",AJA
341,ArchAnthrop,Archiv für Anthropologie,AJA
342,ArchAusgr,Archäologische Ausgrabungen,AJA
343,ArchAustr,Archaeologia austriaca,AJA
344,ArchCl,Archeologia classica,AJA
345,ArchDelt,Archaiologikon Deltion,AJA
346,ArcheologiaPar,Archeologia: Trésors des âges (Paris),AJA
347,ArcheologiaRom,Archeologia: Rivista bimestrale (Rome),AJA
348,ArcheologiaWar,Archeologia: Rocznik Instytutu historii kultury materialnej Polskiej akademii nauk (Warsaw),AJA
349,ArchEph,Archaiologike Ephemeris,AJA
350,ArchErt,Archaeologiai ertesítö,AJA
351,ArchEsp,Archivo español de arte y arqueología,AJA
352,ArchEspArq,Archivo español de arqueología,AJA
353,ArchEspArt,Archivo español de arte,AJA
354,ArchGeogr,Archaeologia geographica,AJA
355,ArchInf,Archäologische Informationen: Mitteilungen zur Ur- und Frühgeschichte,AJA
356,Architectura,Architectura: Zeitschrift für Geschichte der Baukunst,AJA
357,ArchIug,Archaeologia iugoslavica,AJA
358,ArchJ,Archaeological Journal,AJA
359,ArchKF,Archiv für Keilschriftforschung,AJA
360,ArchKorrBl,Archaeologisches Korrespondenzblatt,AJA
361,ArchMiss,Archives des Missions scientifiques et littéraires,AJA
362,ArchNews,Archaeological News,AJA
363,ArchOrient,Archiv orientální,AJA
364,ArchPer,Archaeologia perusina,AJA
365,ArchPF,Archiv für Papyrusforschung und verwandte Gebiete,AJA
366,ArchPhilos,Archives de philosophie,AJA
367,ArchRW,Archiv für Religionswissenschaft,AJA
368,ArchSchw,Archäologie der Schweiz: Mitteilungsblatt der Schweizerischen Gesellschaft für Ur- und Frühgeschichte,AJA
369,ArchStor,Archivio storico italiano,AJA
370,ArchVen,Archeologia veneta,AJA
371,ArhVest,Arheoloski vestnik,AJA
372,ArqPort,O arqueólogo português,AJA
373,ArtB,The Art Bulletin,AJA
374,ArtJ,Art Journal,AJA
375,AS,Assyriological Studies,AJA
376,ASAE,Annales du Service des antiquités de l’Égypte,AJA
377,ASAtene,Annuario della Scuola archeologica di Atene e delle Missioni italiane in Oriente,AJA
378,ASE,Archaeological Survey of Egypt,AJA
379,Athenaeum,"Athenaeum: Studi periodici di letteratura e storia dell’antichità, Università di Pavia",AJA
380,’Atiqot,’Atiqot: Journal of the Israel Department of Antiquities,AJA
381,AttiBol,Atti e memorie: Deputazione di storia patria per le province di Romagna (Bologna),AJA
382,AttiCAntCl,Atti: Centro ricerche e documentazione sull’antichità classica,AJA
383,AttiCSDIR,Atti: Centro studi e documentazione sull’Italia romana,AJA
384,AttiCStR,Atti del Congresso nazionale di studi romani,AJA
385,AttiFir,Atti e memorie dell’Accademia toscana di scienze e lettere “La Colombaria” (Florence),AJA
386,AttiIstr,Atti e memorie della Società istriana di archeologia e storia patria,AJA
387,AttiMGrecia,Atti e memorie della Società Magna Grecia,AJA
388,AttiMod,Atti e memorie: Deputazione di storia patria per le antiche province modenesi,AJA
389,AttiPal,"Atti della Accademia di scienze, lettere e arti di Palermo",AJA
390,AttiPontAcc,Atti della Pontificia Accademia romana di archeologia,AJA
391,AttiTaranto,"Atti del Convegno di studi sulla Magna Grecia, Taranto",AJA
392,AttiTor,Atti della Accademia delle scienze di Torino,AJA
393,AttiVen,"Atti: Istituto veneto di scienze, lettere ed arti",AJA
394,AuChr,Antike und Christentum,AJA
395,AUF,Archiv für Urkundenforschung,AJA
396,AusgrFu,Ausgrabungen und Funde: Nachrichtenblatt für Vor- und Frühgeschichte,AJA
397,AvP,Altertümer von Pergamon,AJA
398,AZ,Archäologische Zeitung,AJA
399,BA,Beiträge zur Assyriologie,AJA
400,BAAlg,Bulletin d’archéologie algérienne,AJA
401,BABesch,Bulletin antieke beschaving: Annual Papers on Classical Archaeology,AJA
402,BAC,Bulletin archéologique du Comité des travaux historiques et scientifiques,AJA
403,BACrist,Bullettino di archeologia cristiana,AJA
404,BAHBeyrouth,"Bibliothèque archéologique et historique, Institut français d’archéologie de Beyrouth",AJA
405,BAHIstanbul,"Bibliothèque archéologique et historique, Institut français d’archéologie de Istanbul",AJA
406,BalkSt,Balkan Studies,AJA
407,BaM,Baghdader Mitteilungen,AJA
408,BAMaroc,Bulletin d’archéologie marocaine,AJA
409,BANarb,Bulletin de la Commission archéologique de Narbonne,AJA
410,BAncLit,Bulletin d’ancienne littérature et d’archéologie chrétienne,AJA
411,BAntFr,Bulletin de la Société nationale des antiquaires de France,AJA
412,BAProv,Bulletin archéologique du Provence,AJA
413,BAR,British Archaeological Reports,AJA
414,BAR-BS,"British Archaeological Reports, British Series",AJA
415,BAR-IS,"British Archaeological Reports, International Series",AJA
416,BASOR,Bulletin of the American Schools of Oriental Research,AJA
417,BASP,Bulletin of the American Society of Papyrologists,AJA
418,BASPR,Bulletin of the American School of Prehistoric Research,AJA
419,BAssBudé,Bulletin de l’Association Guillaume Budé,AJA
420,BByzI,Bulletin of the Byzantine Institute,AJA
421,BCH,Bulletin de correspondance hellénique,AJA
422,BCH Suppl.,Bulletin de correspondance hellénique: Supplément,AJA
423,BClevMus,The Bulletin of the Cleveland Museum of Art,AJA
424,BCSSA,Bollettino del Centro di studi per la storia dell’architettura,AJA
425,BdA,Bollettino d’arte,AJA
426,BdI,Bullettino dell’Istituto di corrispondenza archeologica,AJA
427,BÉFAR,Bibliothèque des Écoles françaises d’Athènes et de Rome,AJA
428,Belleten,Belleten: Türk tarih kurumu,AJA
429,BÉO,Bulletin d’études orientales (Damascus),AJA
430,BerlJV,Berliner Jahrbuch für Vor- und Frühgeschichte,AJA
431,BerlMus,Berliner Museen: Berichte aus den preussischen Kunstsammlungen,AJA
432,BerlNumZ,Berliner numismatische Zeitschrift,AJA
433,BerRGK,Bericht der Römisch-Germanischen Kommission,AJA
434,Berytus,Berytus: Archaeological Studies,AJA
435,BFAM,Bulletin of the Fogg Art Museum,AJA
436,BFC,Bollettino di filologia classica,AJA
437,BIABulg,Izvestija na Arheologiceskija institut: Bulletin de l'Institut archéologique bulgare,AJA
438,BIALond,Bulletin of the Institute of Archaeology of the University of London,AJA
439,BibAr,Bibliotheca archaeologica (Rome),AJA
440,BiblArch,See NEA,AJA
441,BibM,Bibliotheca mesopotamica,AJA
442,BibO,Bibliotheca orientalis,AJA
443,BICS,Bulletin of the Institute of Classical Studies of the University of London,AJA
444,BIÉ,Bulletin de l’Institut d’Égypte,AJA
445,BIES,Bulletin of the Israel Exploration Society,AJA
446,BIFAO,Bulletin de l’Institut français d’archéologie orientale de Caire,AJA
447,BIHBelge,Bulletin de l’Institut historique belge de Rome,AJA
448,BIranInst,Bulletin of the Iranian Institute,AJA
449,BJb,Bonner Jahrbücher des rheinischen Landesmuseums in Bonn und des Vereins von Altertumsfreunden im Rheinlande,AJA
450,BJPES,Bulletin of the Jewish Palestine Exploration Society,AJA
451,BLund,Bulletin de la Société royale de lettres de Lund,AJA
452,BMCR,Bryn Mawr Classical Review,AJA
453,BMF,Bulletin des Musées de France,AJA
454,BMFA,"Bulletin of the Museum of Fine Arts, Boston",AJA
455,BMFEA,Bulletin of the Museum of Far Eastern Antiquities,AJA
456,BMMA,"Bulletin of the Metropolitan Museum of Art, New York",AJA
457,BMon,Bulletin monumental,AJA
458,BMonMusPont,"Bollettino dei monumenti, musei e gallerie Pontificie",AJA
459,BMOP,British Museum Occasional Paper,AJA
460,BMQ,British Museum Quarterly,AJA
461,BMusBeyr,Bulletin du Musée de Beyrouth,AJA
462,BMusBrux,"Bulletin des Musées royaux d’art et d’histoire, Bruxelles",AJA
463,BMusHongr,Bulletin du Musée hongrois des beaux-arts,AJA
464,BMusImp,Bullettino del Museo dell’impero romano,AJA
465,BMY,The British Museum Yearbook,AJA
466,BNum,Bulletin de numismatique,AJA
467,BOffInt,Bulletin de l’Office internationale des Instituts d’archéologie et d’histoire de l’art,AJA
468,BollMC,Bolletino dei Musei comunali di Roma,AJA
469,BOran,Bulletin trimestriel des antiquités africaines recueillés par les soins de la Société de géographie et d’archéologie de la Province d’Oran,AJA
470,Boreas,Boreas: Münstersche Beiträge zur Archäologie,AJA
471,BPI,Bollettino di paleontologia italiana,AJA
472,BPW,Berliner philologische Wochenschrift,AJA
473,Britannia,Britannia: A Journal of Romano-British and Kindred Studies,AJA
474,BrookMusQ,Brooklyn Museum Quarterly,AJA
475,BSA,British School at Athens Annual,AJA
476,BSA Studies,British School at Athens Studies,AJA
477,BSAE,"British School of Archaeology in Egypt, Publications",AJA
478,BSOAS,Bulletin of the School of Oriental and African Studies,AJA
479,BSocBulg,Bulletin de la Société archéologique bulgare,AJA
480,BSOS,Bulletin of the School of Oriental Studies,AJA
481,BSPF,Bulletin de la Société préhistorique franĉaise,AJA
482,BSR,See PBSR,AJA
483,BSRAA,Bulletin de la Société royale d’archéologie d’Alexandrie,AJA
484,BStM,Bollettino dell’Associazione internazionale degli studi mediterranei,AJA
485,BullAIEMA,Bulletin d’information de l’Association internationale pour l’étude de la mosaïque antique,AJA
486,BullCom,Bullettino della Commissione archeologica Comunale di Roma,AJA
487,BullGov,Bullettino della Commissione archeologica del Governatorato di Roma,AJA
488,BullRoum,"Académie roumaine, Bulletin de la section historique",AJA
489,BullZagreb,Bulletin international de l’Académie yugoslave (Zagreb),AJA
490,BurlMag,The Burlington Magazine,AJA
491,BWPr,Winckelmannsprogramm der archäologischen Gesellschaft zu Berlin,AJA
492,Byzantion,Byzantion: Revue internationale des études byzantines,AJA
493,ByzArch,Byzantinisches Archiv,AJA
494,ByzZeit,Byzantinische Zeitschrift,AJA
495,Caesaraugusta,Caesaraugusta: Publicaciones del Seminario de arqueología y numismática,AJA
496,CaesMarit,"The Joint Expedition to Caesarea Maritima, Excavation Reports",AJA
497,CAF,Congrès archéologique de France,AJA
498,CAG,Carte archéologique de la Gaule,AJA
499,CAH,Cambridge Ancient History,AJA
500,CahArch,Cahiers archéologiques,AJA
501,CahArchSubaq,Cahiers d’archéologie subaquatique,AJA
502,CahArt,Cahiers d’art,AJA
503,CahByrsa,Cahiers de Byrsa,AJA
504,CahÉtAnc,Cahiers des études anciennes,AJA
505,CahHistArch,Cahiers d’histoire et d’archéologie,AJA
506,CahNum,Cahiers numismatiques,AJA
507,CAJ,Cambridge Archaeological Journal,AJA
508,CANE,Civilizations of the Ancient Near East,AJA
509,CÉFR,Collection de l’École française de Rome,AJA
510,CHD,The Hittite Dictionary of the Oriental Institute of the University of Chicago,AJA
511,Chiron,Chiron: Mitteilungen der Kommission für alte Geschichte und Epigraphik des Deutschen Archäologischen Instituts,AJA
512,CHR,Catholic Historical Review,AJA
513,ChrÉg,Chronique d’Égypte,AJA
514,CJ,Classical Journal,AJA
515,ClAnt,Classical Antiquity,AJA
516,ClMed,Classica et mediaevalia: Revue danoise de philologie et d'histoire,AJA
517,ClRh,Clara Rhodos,AJA
518,CMH,Cambridge Mediaeval History,AJA
519,CoinH,Coin Hoards,AJA
520,CollLatomus,Collection Latomus,AJA
521,Corinth,Corinth: Results of Excavations Conducted by the American School of Classical Studies at Athens,AJA
522,CP,Classical Philology,AJA
523,CPCA,University of California Publications in Classical Archaeology,AJA
524,CPCP,University of California Publications in Classical Philology,AJA
525,CPJ,Corpus papyrorum Judaicarum,AJA
526,CQ,Classical Quarterly,AJA
527,CR,Classical Review,AJA
528,CRAI,Comptes rendus des séances de l’Académie des inscriptions et belles-lettres (Paris),AJA
529,CretAnt,"Creta Antica: Rivista internazionale di studi archeologici, storici ed epigrafici",AJA
530,CretChron,Kretika chronika: Keimena kai meletai tes kretikes istorias,AJA
531,CronCatania,"Cronache di archeologia e di storia dell’arte, Università di Catania",AJA
532,CronErcol,Cronache ercolanensi,AJA
533,CronPomp,Cronache pompeiane,AJA
534,CRPétersb,"Compte-rendu de la Commission impériale archéologique, St. Pétersbourg",AJA
535,CSCA,University of California Studies in Classical Antiquity,AJA
536,CSCO,Corpus scriptorum christianorum orientalium,AJA
537,CSE,Corpus speculorum etruscorum,AJA
538,CSEL,Corpus scriptorum ecclesiasticorum latinorum,AJA
539,CSIR,Corpus signorum imperii romani,AJA
540,CUE,Corpus delle urne etrusche di eta ellenistics,AJA
541,CurrAnthr,Current Anthropology,AJA
542,CVind,Commentationes Vindobonenses,AJA
543,CW,Classical World,AJA
544,Dacia,Dacia: Revue d’archéologie et d’histoire ancienne,AJA
545,DAF,Documents d’archéologie française,AJA
546,Dédalo,Dédalo: Revista de arte e arqueologia,AJA
547,Délos,Exploration archéologique de Délos faite par l’École française d’Athènes,AJA
548,DenkschrWien,"Österreichische Akademie der Wissenschaften, Wien, Philosophisch-historische Klasse: Denkschriften",AJA
549,DialArch,Dialoghi di archeologia,AJA
550,Dioniso,Dioniso: Trimestrale di studi sul teatro antico,AJA
551,DissPan,Dissertationes Pannonicae,AJA
552,DissPontAcc,Atti della Pontificia Accademia romana di archeologia: Dissertazioni,AJA
553,DJbN,Deutsches Jahrbuch für Numismatik,AJA
554,DLZ,Deutsche Literaturzeitung,AJA
555,DM,Damaszener Mitteilungen,AJA
556,DOP,Dumbarton Oaks Papers,AJA
557,DossPar,Histoire et archéologie: Les dossiers (Paris),AJA
558,EchCl,Echos du monde classique: Classical Views,AJA
559,EchOr,Echos d’Orient,AJA
560,EEF,Egypt Exploration Fund,AJA
561,EES,Egypt Exploration Society,AJA
562,ÉHPR,Études d’histoire et de philosophie religieuses,AJA
563,EHR,English Historical Review,AJA
564,EJA,European Journal of Archaeology,AJA
565,Eirene,Eirene: Studia graeca et latina,AJA
566,Emerita,Emerita: Boletín de linguística y filología clásica,AJA
567,EntrHardt,Entretiens Hardt,AJA
568,Eos,Eos: Commentarii Societatis philologae polonorum,AJA
569,EpetByz,Epeteris Etaireias Buzantinon spoudon,AJA
570,EphDac,Ephemeris dacoromana,AJA
571,EphEp,Ephemeris epigraphica,AJA
572,Ephesos,Forschungen in Ephesos veröffentlicht vom Österreichischen Archäologischen Institut in Wien,AJA
573,EpigAnat,Epigraphica Anatolica: Zeitschrift für Epigraphik und historische Geographie Anatoliens,AJA
574,Epigraphica,Epigraphica: Rivista italiana di epigrafia,AJA
575,EPK,Egyetemes philologiai Közlöny,AJA
576,ÉPRO,Études préliminaires aux religions orientales dans l'empire romain,AJA
577,EpSt,Epigraphische Studien,AJA
578,EranJb,Eranos Jahrbuch,AJA
579,Eranos,Eranos: Acta philologica suecana,AJA
580,Ergon,To Ergon tes Archaiologikes Etaireias,AJA
581,ErIsr,Eretz-Israel,AJA
582,ESA,Eurasia septentrionalis antiqua,AJA
583,ÉtBalk,Études balkaniques,AJA
584,ÉtByz,Études byzantines,AJA
585,ÉtCelt,Études celtiques,AJA
586,ÉtCl,Les études classiques,AJA
587,ÉtCrét,Études crétoises,AJA
588,EthnolAnz,Ethnologischer Anzeiger,AJA
589,Ethnos,"Ethnos: Revista do Instituto português de arqueologia, história e etnografia",AJA
590,ÉtPap,Études de papyrologie,AJA
591,EtrStud,Etruscan Studies: Journal of the Etruscan Foundation,AJA
592,ÉtTrav,Études et travaux: Studia i prace. Travaux du Centre d’archéologie méditerranéenne de l’Académie des sciences polonaise,AJA
593,EW,East and West,AJA
594,ExcArqEsp,Excavaciones arqueológicas en España,AJA
595,Expedition,Expedition: Bulletin of the University Museum of the University of Pennsylvania,AJA
596,FA,Fasti archaeologici,AJA
597,FdD,"Fouilles de Delphes, École Française d’Athènes",AJA
598,FelRav,Felix Ravenna,AJA
599,FIFAO,Fouilles de l’Institut français d’archéologie orientale,AJA
600,Figlina,Figlina: Documents du Laboratoire de céramologie de Lyon,AJA
601,FolArch,Folia archaeologica: Magyar Nemzeti Múzeum Történeti Múzeumänak Évkönyve,AJA
602,FolOr,Folia orientalia,AJA
603,Franchthi,"Excavations at Franchthi Cave, Greece",AJA
604,FuB,Forschungen und Berichte: Staatliche Museen zu Berlin,AJA
605,FuF,Forschungen und Fortschritte,AJA
606,GacNum,Gaceta numismática (Barcelona),AJA
607,Gallia,Gallia: Fouilles et monuments archéologiques en France métropolitaine,AJA
608,GalliaPrHist,Gallia préhistoire,AJA
609,GaR,Greece and Rome,AJA
610,GazArch,Gazette archéologique,AJA
611,GBA,Gazette des beaux-arts,AJA
612,GCS,Griechische christliche Schriftsteller der ersten drei Jahrhunderte,AJA
613,Genava,Genava: Bulletin du Musée de Genève,AJA
614,Germania,Germania: Anzeiger der Römisch-Germanischen Kommission des Deutschen Archäologischen Instituts,AJA
615,GettyMusJ,The J. Paul Getty Museum Journal,AJA
616,GGA,Göttingische gelehrte Anzeiger,AJA
617,Glotta,Glotta: Zeitschrift für griechische und lateinische Sprache,AJA
618,Gnomon,Gnomon: Kritische Zeitschrift für die gesamte klassische Altertumswissenschaft,AJA
619,GöttNachr,Nachrichten von der Gesellschaft der Wissenschaften zu Göttingen,AJA
620,GPVJ,Gesellschaft pro Vindonissa: Jahresbericht,AJA
621,GrazBeitr,Grazer Beiträge,AJA
622,GRBM,"Greek, Roman and Byzantine Monographs",AJA
623,GRBS,"Greek, Roman and Byzantine Studies",AJA
624,GRBSA,"Greek, Roman and Byzantine Scholarly Aids",AJA
625,Gymnasium,Gymnasium: Zeitschrift für Kultur der Antike und humanistische Bildung,AJA
626,HallWPr,Hallisches Winckelmannsprogramm,AJA
627,HBA,Hamburger Beiträge zur Archäologie,AJA
628,HBN,Hamburger Beiträge zur Numismatik,AJA
629,Helikon,Helikon: Rivista di tradizione e cultura classica,AJA
630,Helinium,"Helinium: Revue consacrée à l’archéologie des Pays-Bas, de la Belgique et du Grand Duché de Luxembourg",AJA
631,Helios,Helios: Journal of the Classical Association of the Southwestern United States,AJA
632,HelvArch,Helvetia archaeologica,AJA
633,Hephaistos,Hephaistos: Kritische Zeitschrift zur Theorie und Praxis der Archäologie und angrenzendes Wissenschaften,AJA
634,Hermes,Hermes: Zeitschrift für klassische Philologie,AJA
635,Hesperia,Hesperia: The Journal of the American School of Classical Studies at Athens,AJA
636,HispAnt,Hispania antigua: Revista de historia antigua,AJA
637,Historia,Historia: Zeitschrift für alte Geschichte,AJA
638,HistrArch,Histria archaeologica,AJA
639,HJ,Historisches Jahrbuch,AJA
640,HSCP,Harvard Studies in Classical Philology,AJA
641,HTR,Harvard Theological Review,AJA
642,HuelvaArq,Huelva arqueológica,AJA
643,HZ,Historische Zeitschrift,AJA
644,IEJ,Israel Exploration Journal,AJA
645,IGForsch,Indogermanische Forschungen,AJA
646,IJb,Indogermanisches Jahrbuch,AJA
647,IJCT,International Journal of the Classical Tradition,AJA
648,IJMES,International Journal for Middle East Studies,AJA
649,IJNA,International Journal of Nautical Archaeology and Underwater Exploration,AJA
650,ILN,The Illustrated London News,AJA
651,IMJ,Israel Museum Journal,AJA
652,IMN,Israel Museum News,AJA
653,INJ,Israel Numismatic Journal,AJA
654,IntArch,Internet Archaeology,AJA
655,IOS,Israel Oriental Studies,AJA
656,Iran,Iran: Journal of the British Institute of Persian Studies,AJA
657,IrAnt,Iranica antiqua,AJA
658,Iraq,"Iraq, published by the British School of Archaeology in Iraq",AJA
659,IsMEO,Istituto italiano per il Medio ed Estremo Oriente,AJA
660,IstArkMüzYill,Istanbul Arkeologi Müzeleri Yilligi,AJA
661,IstForsch,Istanbuler Forschungen,AJA
662,IstMitt,Istanbuler Mitteilungen,AJA
663,IstMitt-BH,Istanbuler Mitteilungen: Beiheft,AJA
664,Italica,Italica: Cuadernos de trabajos de la Escuela española de historica y arqueología en Roma,AJA
665,JaarbAkAmst,Jaarboek van de Akademie te Amsterdam,AJA
666,JAC,Jahrbuch für Antike und Christentum,AJA
667,JANER,Journal of Ancient Near Eastern Religions,AJA
668,JANES,Journal of the Ancient Near East Society of Columbia University,AJA
669,JAnthArch,Journal of Anthropological Archaeology,AJA
670,JAOS,Journal of the American Oriental Society,AJA
671,JARCE,Journal of the American Research Center in Egypt,AJA
672,JAS,Journal of Archaeological Science,AJA
673,JBerlMus,Jahrbuch der Berliner Museen,AJA
674,JBernHistMus,Jahrbuch des Bernischen historischen Museums,AJA
675,JBL,Journal of Biblical Literature,AJA
676,JCS,Journal of Cuneiform Studies,AJA
677,JdI,Jahrbuch des Deutschen Archäologischen Instituts,AJA
678,JdI-EH,Jahrbuch des Deutschen Archäologischen Instituts: Ergänzungsheft,AJA
679,JEA,The Journal of Egyptian Archaeology,AJA
680,JEOL,Jaarbericht van het Vooraziatisch-egyptisch genootschap “Ex Oriente Lux”,AJA
681,JESHO,Journal of the Economic and Social History of the Orient,AJA
682,JFA,Journal of Field Archaeology,AJA
683,JGH,Journal of Garden History (continued by SHG),AJA
684,JGött,Jahrbuch der Akademie der Wissenschaften in Göttingen,AJA
685,JGS,Journal of Glass Studies,AJA
686,JHS,Journal of Hellenic Studies,AJA
687,JIAN,Journal international d’archéologie numismatique,AJA
688,JIES,Journal of Indo-European Studies,AJA
689,JJurP,Journal of Juristic Papyrology,AJA
690,JKF,Jahrbuch für kleinasiatische Forschung,AJA
691,JKSW,Jahrbuch der Kunsthistorischen Sammlungen in Wien,AJA
692,JMA,Journal of Mediterranean Archaeology,AJA
693,JMainz,Jahrbuch: Akademie der Wissenschaften und der Literatur (Mainz),AJA
694,JMFA,"Journal of the Museum of Fine Arts, Boston",AJA
695,JMithSt,Journal of Mithraic Studies,AJA
696,JMünch,Jahrbuch: Bayerische Akademie der Wissenschaften (Munich),AJA
697,JNES,Journal of Near Eastern Studies,AJA
698,JNG,Jahrbuch für Numismatik und Geldgeschichte,AJA
699,JÖB,Jahrbuch der Österreichischen Byzantinistik (formerly JÖBG),AJA
700,JOS,Journal of Oman Studies,AJA
701,JP,Journal of Philology,AJA
702,JPKB,Jahrbuch preussischer Kulturbesitz,AJA
703,JPKS,Jahrbuch der preussischen Kunstsammlungen,AJA
704,JPOS,Journal of the Palestine Oriental Society,AJA
705,JPR,Journal of Prehistoric Religion,AJA
706,JQR,Jewish Quarterly Review,AJA
707,JRA,Journal of Roman Archaeology,AJA
708,JRAI,Journal of the Royal Anthropological Institute,AJA
709,JRAS,Journal of the Royal Asiatic Society,AJA
710,JRel,Journal of Religion,AJA
711,JRGS,Journal of the Royal Geographic Society,AJA
712,JRGZM,"Jahrbuch des Römisch-germanischen Zentralmuseums, Mainz",AJA
713,JRS,Journal of Roman Studies,AJA
714,JSAH,Journal of the Society of Architectural Historians,AJA
715,JSav,Journal des savants,AJA
716,JSOR,Journal of the Society of Oriental Research,AJA
717,JSS,Journal of Semitic Studies,AJA
718,JThS,Journal of Theological Studies,AJA
719,Jura,Jura: Rivista internazionale di diritto romano e antico,AJA
720,JWalt,Journal of the Walters Art Gallery,AJA
721,JWarb,Journal of the Warburg and Courtauld Institutes,AJA
722,Kadmos,Kadmos: Zeitschrift für vor- und frühgriechische Epigraphik,AJA
723,Kairos,Kairos: Zeitschrift für Religionswissenschaft und Theologie,AJA
724,Karthago,Karthago: Revue d’archéologie africaine,AJA
725,Kenchreai,Kenchreai: Eastern Port of Corinth. Results of Investigations by the University of Chicago and Indiana University for the American School of Classical Studies at Athens,AJA
726,Kerameikos,Kerameikos: Ergebnisse der Ausgrabungen,AJA
727,KF,Kleinasiatische Forschungen,AJA
728,Klearchos,Klearchos: Bollettino dell’Associazione amici del Museo nazionale di Reggio Calabria,AJA
729,Klio,Klio: Beiträge zur alten Geschichte,AJA
730,KMT,KMT: A Modern Journal of Ancient Egypt,AJA
731,Kokalos,Kokalos: Studi pubblicati dall’Istituto di storia antica dell’Università di Palermo,AJA
732,KölnJb,Kölner Jahrbuch für Vor- und Frühgeschichte,AJA
733,KölnMusB,Kölner Museums-Bulletin (formerly MusKöln/BMusKöln),AJA
734,LÄ,Lexicon der Ägyptologie,AJA
735,Latinitas,Latinitas: Commentarii linguae latinae excolendae,AJA
736,Latomus,Latomus: Revue d’études latines,AJA
737,LCM,Liverpool Classical Monthly,AJA
738,Levant,Levant: Journal of the British School of Archaeology in Jerusalem and the British Institute at Amman for Archaeology and History,AJA
739,LibAnt,Libya antiqua,AJA
740,LibSt,Libyan Studies,AJA
741,LitArts,Liturgical Arts,AJA
742,LSA,Lavori e studi di archeologia pubblicati dalla Soprintendenza archeologica di Roma,AJA
743,L'Urbe,L’Urbe: Rivista romana,AJA
744,MÂ,Le moyen âge,AJA
745,MAAR,Memoirs of the American Academy in Rome,AJA
746,MAGW,Mitteilungen der anthropologischen Gesellschaft (Vienna),AJA
747,Maia,Maia: Rivista di letterature classiche,AJA
748,MAMA,Monumenta Asiae minoris antiqua,AJA
749,MAntFr,Mémoires de la Société nationale des antiquaires de France,AJA
750,MarbWPr,Marburger Winckelmann-Programm,AJA
751,Mari,Mari: Annales de recherches interdisciplinaires,AJA
752,Marsyas,Marsyas: Studies in the History of Art,AJA
753,MASCAJ,"MASCA Journal: Museum Applied Science Center for Archaeology, University Museum, University of Pennsylvania",AJA
754,MASCAP,MASCA Research Papers in Science and Archaeology,AJA
755,MCl,Il mondo classico,AJA
756,MDAV,Mitteilungen des Deutschen Archäologen-Verbandes,AJA
757,MdF,Musées de France,AJA
758,MdI,Mitteilungen des Deutschen Archäologischen Instituts,AJA
759,MDIK,"Mitteilungen des Deutschen Archäologischen Instituts, Abteilung Kairo",AJA
760,MDOG,Mitteilungen der Deutschen Orient-Gesellschaft zu Berlin,AJA
761,MDP,Mémoires de la Délégation franĉaise en Perse,AJA
762,Meded,Mededeelingen van het Nederlands Historisch Instituut te Rome,AJA
763,MedHum,Medievalia et humanistica,AJA
764,MeditArch,Mediterranean Archaeology: Australian and New Zealand Journal for the Archaeology of the Mediterranean World,AJA
765,MedKøb,Meddelelser fra Ny Carlsberg Glyptotek (Copenhagen),AJA
766,MedMusB,"Medelhavsmuseet, Bulletin (Stockholm)",AJA
767,MedRen,Mediaeval and Renaissance Studies,AJA
768,MÉFR,Mélanges d’archéologie et d’histoire de l’École française de Rome,AJA
769,MÉFRA,"Mélanges de l’École française de Rome, Antiquité",AJA
770,MÉFRM,"Mélanges de l’École française de Rome: Moyen âge, temps modernes",AJA
771,MélBeyrouth,"Mélanges de l’Université Saint Joseph, Beyrouth",AJA
772,MémAcInscr,Mémoires présentés par divers savants à l’Académie des inscriptions et belles lettres (Paris),AJA
773,MemBol,Atti della Accademia delle scienze dell’Istituto di Bologna: Memorie,AJA
774,MemLinc,"Memorie: Atti della Accademia nazionale dei Lincei, Classe di scienze morali, storiche e filologiche",AJA
775,MemNap,"Memorie dell’Accademia di archeologia, lettere e belle arti di Napoli",AJA
776,MemPontAcc,Memorie: Atti della Pontificia Accademia romana di archeologia,AJA
777,Mesopotamia,Mesopotamia: Rivista di archeologia,AJA
778,MF,Madrider Forschungen,AJA
779,MGH,Monumenta Germaniae historica,AJA
780,MIÉ,Mémoires de l’Institut d’Égypte,AJA
781,Milet,Milet: Ergebnisse der Ausgrabungen und Untersuchungen seit dem Jahre 1899,AJA
782,Minerva,Minerva: The International Review of Ancient Art and Archaeology (London),AJA
783,Minos,Minos: Revista de filología egea,AJA
784,MIO,Mitteilungen des Instituts für Orientforschung,AJA
785,MittNumGes,"Mitteilungen, Numismatische Gesellschaft (Vienna)",AJA
786,MLJ,Modern Language Journal,AJA
787,MLN,Modern Language Notes,AJA
788,MM,Madrider Mitteilungen,AJA
789,MMAJ,Metropolitan Museum of Art Journal,AJA
790,MMS,Metropolitan Museum Studies,AJA
791,Mnemosyne,Mnemosyne: Bibliotheca classica batava,AJA
792,MÖIG,Mitteilungen des Österreichischen Instituts für Geschichtsforschung,AJA
793,MonAnt,Monumenti antichi,AJA
794,MÖNG,Mitteilungen der Österreichischen numismatischen Gesellschaft,AJA
795,MonInst,Monumenti inediti pubblicati dall'Instituto di corrispondenzaarcheologica,AJA
796,MonPiot,Monuments et mémoires: Fondation E. Piot,AJA
797,MüJb,Münchener Jahrbuch der bildenden Kunst,AJA
798,MünchBeitr,Münchener Beiträge zur Papyrusforschung und antiken Rechtsgeschichte,AJA
799,MusB,Musée belge,AJA
800,Muse,"Muse: Annual of the Museum of Art and Archaeology, University of Missouri",AJA
801,MusHelv,Museum Helveticum,AJA
802,MusJ,Museum Journal (Philadelphia),AJA
803,MVAG,Mitteilungen der vorderasiatisch-aegyptischen Gesellschaft,AJA
804,MVEOL,Mededeelingen en Verhandelingen ex Oriente Lux,AJA
805,MZ,Mainzer Zeitschrift,AJA
806,NA,Neues Archiv der Gesellschaft für ältere deutsche Geschichtskunde,AJA
807,NAHisp,Noticiario arqueológico hispánico,AJA
808,NAkG,Nachrichten von der Akademie der Wissenschaften in Göttingen,AJA
809,NatGeogRes,National Geographic Research,AJA
810,NC,Numismatic Chronicle,AJA
811,NCirc,Numismatic Circular,AJA
812,NEA,Near Eastern Archaeology (formerly BiblArch),AJA
813,Nichoria,Excavations at Nichoria in Southwest Greece,AJA
814,NJbb,(Neue) Jahrbücher für Philologie und Pädagogik; Neue Jahrbücher für das klassische Altertum; Neue Jahrbücher für Wissenschaft und Jugendbildung,AJA
815,NL,Numismatic Literature,AJA
816,NLB,Numismatisches Literaturblatt,AJA
817,NNM,American Numismatic Society: Numismatic Notes and Monographs,AJA
818,NomChron,Nomismatika chronika,AJA
819,NouvArch,Nouvelles archives des Missions scientifiques,AJA
820,NouvClio,La nouvelle Clio,AJA
821,NR,Numismatic Review,AJA
822,NS,American Numismatic Society: Numismatic Studies,AJA
823,NSc,Notizie degli scavi di antichità,AJA
824,NumAntCl,Numismatica e antichità classiche: Quaderni ticinesi,AJA
825,Numen,Numen: International Review for the History of Religions,AJA
826,NumJ,Numismatic Journal,AJA
827,NuovB,Nuovo bulletino di archeologia cristiana,AJA
828,NZ,Numismatische Zeitschrift,AJA
829,OA,Oriens antiquus,AJA
830,OAr,Orientalisches Archiv,AJA
831,OC,Oriens christianus,AJA
832,OGIS,Orientis Graeci inscriptiones selectae,AJA
833,OIC,Oriental Institute Communications,AJA
834,OIP,Oriental Institute Publications,AJA
835,OJA,Oxford Journal of Archaeology,AJA
836,ÖJh,Jahreshefte des Österreichischen archäologischen Instituts in Wien,AJA
837,ÖJhBeibl,"Jahreshefte der Österreichischen archäologischen Instituts in Wien, Beiblatt",AJA
838,OlBer,Bericht über die Ausgrabungen in Olympia,AJA
839,OlForsch,Olympische Forschungen,AJA
840,Olynthos,Excavations at Olynthos,AJA
841,OLZ,Orientalische Literaturzeitung,AJA
842,OpArch,Opuscula archaeologica,AJA
843,OpAth,Opuscula Atheniensia,AJA
844,OpAthRom,Opuscula: Annual of the Swedish Institutes at Athens and Rome,AJA
845,OpFin,Opuscula Instituti romani Finlandiae,AJA
846,OpPh,Opuscula philologica,AJA
847,OpRom,Opuscula Romana,AJA
848,Ostraka,Ostraka: Rivista di antichita,AJA
849,OWAN,Old World Archaeology Newsletter,AJA
850,PAAR,American Academy in Rome: Papers and Monographs,AJA
851,PAES,Publications of the Princeton University Archaeological Expeditions to Syria,AJA
852,Paléorient,Paléorient: Interdisciplinary Review of Prehistory and Protohistory of Southwestern Asia,AJA
853,PalJb,Palästinajahrbuch,AJA
854,Palladio,Palladio: Rivista di storia dell'architettura,AJA
855,Pantheon,Pantheon: Internationale Zeitschrift für Kunst,AJA
856,PAPS,Proceedings of the American Philosophical Society,AJA
857,PastPres,Past and Present,AJA
858,PBSR,Papers of the British School at Rome,AJA
859,PCPS,Proceedings of the Cambridge Philological Society,AJA
860,PEFA,Palestine Exploration Fund Annual,AJA
861,PEFQ,Palestine Exploration Fund Quarterly Statement,AJA
862,PEQ,Palestine Exploration Quarterly,AJA
863,Persica,Persica: Jaarboek van het Genootschap Nederland-Iran,AJA
864,PetMitt,Petermanns Mitteilungen,AJA
865,Philologus,Philologus: Zeitschrift für klassische Philologie,AJA
866,PhilWoch,Philologische Wochenschrift,AJA
867,Phoenix,Phoenix: The Classical Association of Canada,AJA
868,PO,Patrologia Orientalis,AJA
869,Pontica,"Pontica: Studii si materiale de istorie, arheologie si muzeografie, Constanta",AJA
870,PP,La parola del passato,AJA
871,PPS,Proceedings of the Prehistoric Society,AJA
872,PQ,Philological Quarterly,AJA
873,Prakt,Praktika tes en Athenais Archaiologikes Etaireias,AJA
874,PraktAkAth,Praktika tes Akademias Athenon,AJA
875,PreussJb,Preussische Jahrbücher,AJA
876,ProcBritAc,Proceedings of the British Academy,AJA
877,ProcJPES,Proceedings of the Jewish Palestine Exploration Society,AJA
878,ProcPhilAs,Proceedings of the American Philological Association,AJA
879,ProcRNS,Proceedings of the Royal Numismatic Society,AJA
880,Prometheus,Prometheus: Rivista quadrimestrale di studi classici,AJA
881,Prospettiva,Prospettiva: Rivista d’arte antica e moderna,AJA
882,ProvHist,Provence historique,AJA
883,PrzArch,Przeglad archeologiczny,AJA
884,PrzKl,Przeglad klasyczny,AJA
885,PZ,Prähistorische Zeitschrift,AJA
886,QAL,Quaderni di archeologia della Libia,AJA
887,QArchEtr,Quaderni del Centro di studio per l’archeologia etrusco-italica,AJA
888,QDAP,Quarterly of the Department of Antiquities in Palestine,AJA
889,Qedem,"Qedem: Monographs of the Institute of Archaeology, Hebrew University of Jerusalem",AJA
890,QITA,Quaderni dell’Istituto di topografia antica della Università di Roma,AJA
891,RA,Revue archéologique,AJA
892,RAA,See AAs,AJA
893,RACentre,Revue archéologique du Centre consacrée aux antiquités nationales,AJA
894,RACrist,Rivista di archeologia cristiana,AJA
895,RAEst,Revue archéologique de l’Est et du Centre-Est,AJA
896,RAfr,Revue africaine,AJA
897,RALouvain,Revue des archéologues et historiens d’art de Louvain,AJA
898,RANarb,Revue archéologique de Narbonnaise,AJA
899,RArq,Revista di arqueología,AJA
900,RassIGI,Rassegna indo-greco-italica,AJA
901,RAssyr,Revue d'assyriologie et d’archéologie orientale,AJA
902,RASyr,Revue archéologique syrienne,AJA
903,RBArch,Revue belge d’archéologie et d’histoire de l’art,AJA
904,RBibl,Revue biblique,AJA
905,RBN,Revue belge de numismatique et de sigillographie,AJA
906,RBPhil,Revue belge de philologie et d’histoire,AJA
907,RCRFActa,Rei Cretariae Romanae Fautorum Acta,AJA
908,RdA,Rivista di archeologia,AJA
909,RDAC,"Report of the Department of Antiquities, Cyprus",AJA
910,RÉA,Revue des études anciennes,AJA
911,RÉByz,Revue des études byzantines,AJA
912,RecSciRel,Recherches de science religieuse,AJA
913,RecTrav,Recueil de travaux relatifs à la philologie et à l’archéologie égyptiennes et assyriennes,AJA
914,RÉg,Revue d’égyptologie,AJA
915,RÉG,Revue des études grecques,AJA
916,RÉgA,Revue de l’Égypte ancienne,AJA
917,RÉH,Revue des études historiques,AJA
918,RÉHom,Revue des études homériques,AJA
919,RÉI,Revue des études islamiques,AJA
920,RÉL,Revue des études latines,AJA
921,RendAccIt,Atti della R. Accademia d’Italia: Rendiconti della classe di scienze morali,AJA
922,RendBol,Atti della Accademia delle scienze dell’Istituto di Bologna: Rendiconti,AJA
923,RendIstLomb,"Rendiconti: Istituto lombardo, Accademia di scienze e lettere",AJA
924,RendLinc,Atti dell’Accademia nazionale dei Lincei: Rendiconti,AJA
925,RendNap,"Rendiconti dell’Accademia di archeologia, lettere e belle arti, Napoli",AJA
926,RendPontAcc,Atti della Pontificia Accademia romana di archeologia: Rendiconti,AJA
927,RÉpigr,Revue épigraphique,AJA
928,RepKunstW,Repertorium für Kunstwissenschaft,AJA
929,RÉS,Revue des études sémitiques,AJA
930,RHA,Revue hittite et asianique,AJA
931,RHist,Revue historique,AJA
932,RhM,Rheinisches Museum für Philologie,AJA
933,RHR,Revue de l’histoire des religions,AJA
934,RIN,Rivista italiana di numismatica e scienze affini,AJA
935,RivFil,Rivista di filologia e d’istruzione classica,AJA
936,RivIstArch,Rivista dell’Istituto nazionale d'archeologia e storia dell’arte,AJA
937,RivStorAnt,Rivista storica dell’antichità,AJA
938,RivStorIt,Rivista storica italiana,AJA
939,RLA,Reallexikon der Assyriologie und voderasiatischen Archäologie,AJA
940,RLouvre,La revue du Louvre et des musées de France,AJA
941,RLV,Reallexikon der Vorgeschichte,AJA
942,RM,"Mitteilungen des Deutschen Archäologischen Instituts, Römische Abteilung",AJA
943,RM-EH,"Mitteilungen des Deutschen Archäologischen Instituts, Römische Abteilung: Ergänzungsheft",AJA
944,RN,Revue numismatique,AJA
945,RömÖ,Römisches Österreich: Jahresschrift der Österreichischen Gesellschaft für Archäologie,AJA
946,RömQSchr,Römische Quartalschrift für christliche Altertumskunde und Kirchengeschichte,AJA
947,ROrChr,Revue de l’Orient chrétien,AJA
948,RPhil,"Revue de philologie, de littérature et d’histoire anciennes",AJA
949,RSO,Rivista degli studi orientali,AJA
950,RStFen,Rivista di studi fenici,AJA
951,RStLig,Rivista di studi liguri,AJA
952,RStPomp,Rivista di studi pompeiani,AJA
953,SaalbJb,Saalburg-Jahrbuch: Bericht des Saalburg-Museums,AJA
954,SAOC,Studies in Ancient Oriental Civilizations,AJA
955,SardisMon,Archaeological Exploration of Sardis: Monograph,AJA
956,SardisRep,Archaeological Exploration of Sardis: Report,AJA
957,SBBerl,"Sitzungsberichte der Deutschen Akademie der Wissenschaften zu Berlin, Klasse für Sprachen, Literatur und Kunst",AJA
958,SBHeid,"Sitzungsberichte der Heidelberger Akademie der Wissenschaften, Philosophisch-historische Klasse",AJA
959,SBLeip,Sitzungsberichte der Sächsischen Akademie der Wissenschaften zu Leipzig,AJA
960,SBMünch,"Sitzungsberichte, Bayerische Akademie der Wissenschaften (München), Philosophisch- historische Klasse",AJA
961,SBWien,"Sitzungsberichte, Österreichische Akademie der Wissenschaften (Wien), Philosophisch-historische Klasse",AJA
962,ScAnt,"Scienze dell’Antichita: Storia, archeologia, antropologia (Rome)",AJA
963,SchwMbll,Schweizer Münzblätter,AJA
964,SemKond,Seminarium Kondakovianum,AJA
965,SHG,Studies in the History of Gardens and Designed Landscapes (continuation of JGH),AJA
966,SicArch,Sicilia archeologica,AJA
967,SIMA,Studies in Mediterranean Archaeology,AJA
968,SIMA-PB,Studies in Mediterranean Archaeology and Literature: Pocketbook,AJA
969,SkrAth,See ActaAth,AJA
970,SkrLund,Skrifter utgivna av Vetenskaps-Societeten i Lund,AJA
971,SkrRom,See ActaRom,AJA
972,SkrUppsala,Skrifter utgivna av K. Humanist: Vetenskaps-Samfundet i Uppsala,AJA
973,SlovArch,Slovenská archeológia,AJA
974,SLS,"Society for Libyan Studies, Annual Report",AJA
975,SMEA,Studi micenei ed egeo-anatolici,AJA
976,SMS,Syro-Mesopotamian Studies,AJA
977,SNR,Schweizerische numismatische Rundschau: Revue suisse de numismatique,AJA
978,SovArch,Sovetskaja archeologija,AJA
979,StädelJb,Städel-Jahrbuch,AJA
980,Stadion,Stadion: Zeitschrift für Geschichte des Sports und der Körperkultur,AJA
981,StAncTech,Studies in Ancient Technology,AJA
982,StArch,Studia archaeologica,AJA
983,StBiz,Studi bizantini e neoellenici,AJA
984,StClas,Studii clasice: Societatea de studii clasice din Republica Socialista România,AJA
985,StEb,Studi eblaiti,AJA
986,StEtr,Studi etruschi,AJA
987,StIr,Studia iranica,AJA
988,StIt,Studi italiani di filologia classica,AJA
989,StMat,Studi e materiali: Soprintendenza ai beni archeologici per la Toscana,AJA
990,StMisc,Studi miscellanei: Seminario di archeologia e storia dell’arte greca e romana dell'Università di Roma,AJA
991,Stobi,Studies in the Antiquities of Stobi,AJA
992,StPap,Studia papyrologica,AJA
993,StrennaRom,Strenna dei Romanisti,AJA
994,StRom,Studi romani,AJA
995,StSard,Studi sardi,AJA
996,Sumer,Sumer: A Journal of Archaeology and History in Iraq,AJA
997,SwCyprusExp,The Swedish Cyprus Expedition,AJA
998,SymbOslo,Symbolae osloenses,AJA
999,Syria,Syria: Revue d’art oriental et d’archéologie,AJA
1000,Talanta,Talanta: Proceedings of the Dutch Archaeological and Historical Society,AJA
1001,TAPA,Transactions of the American Philological Association,AJA
1002,TAPS,Transactions of the American Philosophical Society,AJA
1003,Taras,Taras: Rivista di archeologia,AJA
1004,TelAviv,"Tel Aviv: Journal of the Tel Aviv University, Institute of Archaeology",AJA
1005,TfK,Tidskrift för Konstvetenskap,AJA
1006,Thera,Excavations at Thera,AJA
1007,ThLZ,Theologische Literaturzeitung,AJA
1008,TLS,Times Literary Supplement,AJA
1009,TravMém,"Travaux et mémoires: Centre de recherche d’histoire et civilisation byzantine, Paris",AJA
1010,TrWPr,Trierer Winckelmannsprogramme,AJA
1011,TrZ,Trierer Zeitschrift für Geschichte und Kunst des Trierer Landes und seiner Nachbargebiete,AJA
1012,TTAED,"Türk Tarih, Arkeologya ve etnografya dergisi",AJA
1013,TUAS,Temple University Aegean Symposium,AJA
1014,TürkArkDerg,Türk arkeoloji dergisi,AJA
1015,UAVA,Untersuchungen zur Assyriologie und Vorderasiatischen Archäologie,AJA
1016,UCLAMon,"University of California at Los Angeles, Institute of Archaeology, Monograph",AJA
1017,UCLAPap,"University of California at Los Angeles, Institute of Archaeology, Occasional Paper",AJA
1018,UgaritF,Ugarit-Forschungen: Internationales Jahrbuch für die Altertumskunde Syrien-Palästinas,AJA
1019,UMI,University Microfilms,AJA
1020,UPMB,University of Pennsylvania Museum Bulletin,AJA
1021,UppsÅrsskr,Uppsala Universitets Årsskrift,AJA
1022,VDI,Vestnik drevnej istorii,AJA
1023,VigChr,Vigiliae christianae,AJA
1024,VuG,Vergangenheit und Gegenwart,AJA
1025,WeltIsl,Die Welt des Islam,AJA
1026,WJh,Wiener Jahreshefte,AJA
1027,WKP,Wochenschrift für klassische Philologie,AJA
1028,WorldArch,World Archaeology,AJA
1029,WPZ,Wiener prähistorische Zeitschrift,AJA
1030,WS,Wiener Studien,AJA
1031,WürzJbb,Würzburger Jahrbücher für die Altertumswissenschaft,AJA
1032,WVDOG,Wissenschaftliche Veröffentlichungen der Deutschen Orient-Gesellschaft,AJA
1033,WZKM,Wiener Zeitschrift für die Kunde des Morgenlandes,AJA
1034,Xenia,Xenia: Semestrale di antichità,AJA
1035,YaleBull,Yale University Art Gallery Bulletin,AJA
1036,YCS,,AJA
1037,Yale Classical Studies,,AJA
1038,ZA,Zeitschrift für Assyriologie und vorderasiatische Archäologie,AJA
1039,ZÄS,Zeitschrift für ägyptische Sprache und Altertumskunde,AJA
1040,ZATW,Zeitschrift für die alttestamentliche Wissenschaft,AJA
1041,ZChrK,Zeitschrift für christliche Kunst,AJA
1042,ZDA,Zeitschrift für deutsches Altertum,AJA
1043,ZDMG,Zeitschrift der deutschen morgenländischen Gesellschaft,AJA
1044,ZDPV,Zeitschrift des deutschen Palästina-Vereins,AJA
1045,ZfA,Zeitschrift für Archäologie,AJA
1046,ZfE,Zeitschrift für Ethnologie,AJA
1047,ZfK,Zeitschrift für Kunstgeschichte,AJA
1048,ZfN,Zeitschrift für Numismatik,AJA
1049,ZivaAnt,Ziva antika: Antiquité vivante,AJA
1050,ZNTW,Zeitschrift für die neutestamentliche Wissenschaft,AJA
1051,ZÖstG,Zeitschrift für die Österreichischen Gymnasien,AJA
1052,ZPE,Zeitschrift für Papyrologie und Epigraphik,AJA
1053,ZSav,Zeitschrift der Savigny-Stiftung für Rechtsgeschichte,AJA
1054,ZSchwArch,Zeitschrift für schweizerische Archäologie und Kunstgeschichte,AJA
1055,ZSchwG,Zeitschrift für schweizerische Geschichte,AJA
